Vedio Id,Title,Date of Publish ,Views,Likes
dE1P4zDhhqw,Captain America &quot;Avengers Assemble&quot; Scene - Portal Scene - Avengers : Endgame (2019) Scene,2020-11-08T12:35:39Z,11610417,184834
udKE1ksKWDE,The Avengers - &quot;I&#39;m Always Angry&quot; - Hulk SMASH Scene - Movie CLIP HD,2017-02-18T16:06:43Z,127375591,953945
SLD9xzJ4oeU,Thor vs Hulk - Fight Scene - The Avengers (2012) Movie Clip HD,2017-01-22T21:08:03Z,332711365,1691712
zbpH6FaRs9U,Avengers Status Hey MamaðŸ”¥#Shorts,2021-10-21T11:21:10Z,1313782,111314
cfVY9wLKltA,Team Iron Man vs Team Cap - Airport Battle Scene - Captain America: Civil War - Movie CLIP HD,2019-02-16T14:31:37Z,176388615,1062734
h8abK-1MQQI,DESI Avengers and Venom Make Plan to Beat Mafia at Secret Place in GTA 5 | DESI Avengers (Part 102),2021-12-13T07:30:03Z,20837,814
HcPFViKo5Jg,Time Stone Scene in Hindi &quot;Hulk Meets the Ancient One&quot; Avengers Endgame   Movie Clip HD,2021-01-02T13:58:11Z,2212912,36730
6ZfuNTqbHE8,Marvel Studios&#39; Avengers: Infinity War Official Trailer,2017-11-29T13:26:24Z,250895817,3925952
9jZ01i92JI8,Avengers: Endgame but only Best Scenes [4K 60FPS],2020-01-10T18:25:01Z,9390087,57884
QqwLHdNbfrU,Avengers Squid Game!,2021-10-29T14:24:50Z,6001249,28188
